<?xml version="1.0" encoding="UTF-8"?>
<project-private xmlns="http://www.netbeans.org/ns/project-private/1">
    <editor-bookmarks xmlns="http://www.netbeans.org/ns/editor-bookmarks/1"/>
    <open-files xmlns="http://www.netbeans.org/ns/projectui-open-files/1">
        <file>file:/C:/Users/Tesoem/Desktop/todas_las_practicas/src/todas_las_practicas/arreglos_e_indices.java</file>
        <file>file:/C:/Users/Tesoem/Desktop/todas_las_practicas/src/todas_las_practicas/llamada_a_todas_las_practicas.java</file>
        <file>file:/C:/Users/Tesoem/Desktop/todas_las_practicas/src/todas_las_practicas/pruebas.java</file>
        <file>file:/C:/Users/Tesoem/Desktop/todas_las_practicas/src/todas_las_practicas/tamaño_de_arreglo_dinamico.java</file>
        <file>file:/C:/Users/Tesoem/Desktop/todas_las_practicas/src/todas_las_practicas/numeros_primos_aleatorios.java</file>
        <file>file:/C:/Users/Tesoem/Desktop/todas_las_practicas/src/todas_las_practicas/multiplica_2_arrays_y_los_imprime_en_un_tercero.java</file>
        <file>file:/C:/Users/Tesoem/Desktop/todas_las_practicas/src/todas_las_practicas/imprime_los_numeros_q_terminen_en_algun_digito.java</file>
        <file>file:/C:/Users/Tesoem/Desktop/todas_las_practicas/src/todas_las_practicas/crea_tu_DNI.java</file>
    </open-files>
</project-private>
